,A_1,A_2,B_1,B_2,C_1,C_2,DRB_1,DRB_2,DQA_1,DQA_2,DQB_1,DQB_2,DPA_1,DPA_2,DPB_1,DPB_2
sample3737,A*26:01,A*26:01,B*38:01,B*52:01,C*12:02,C*12:03,DRB1*15:02,DRB1*04:05,DQA1*01:03,DQA1*05:01,DQB1*06:01,DQB1*03:01,DPA1*01:03,DPA1*01:03,DPB1*03:01,DPB1*04:01
sample3812,A*68:01,A*68:01,B*35:03,B*07:02,C*12:03,C*07:02,DRB1*07:01,DRB1*13:01,DQA1*02:01,DQA1*01:03,DQB1*06:03,DQB1*02:02,,,,
sample3942,A*29:02,A*29:02,B*14:02,B*44:03,C*08:02,C*16:01,DRB1*07:01,DRB1*07:01,DQA1*02:01,DQA1*02:01,DQB1*02:02,DQB1*02:01,DPA1*02:01,DPA1*02:02,DPB1*17:01,DPB1*05:01
sample3948,A*02:01,A*25:01,B*40:01,B*18:01,C*03:04,C*12:03,DRB1*15:02,DRB1*15:01,DQA1*01:03,DQA1*01:02,DQB1*06:02,DQB1*06:01,,,,
sample3971,A*01:01,A*02:01,B*08:01,B*56:01,C*07:01,C*01:02,DRB1*03:01,DRB1*13:01,DQA1*05:01,DQA1*01:03,DQB1*06:03,DQB1*02:01,DPA1*01:03,DPA1*01:03,DPB1*02:01,DPB1*04:01
sample3978,A*02:01,A*68:02,B*27:03,B*15:01,C*02:02,C*03:04,DRB1*08:01,DRB1*04:03,DQA1*03:01,DQA1*05:01,DQB1*04:02,DQB1*03:02,DPA1*02:01,DPA1*01:03,DPB1*02:01,DPB1*10:01
sample3995,A*30:02,A*32:01,B*18:01,B*14:01,C*05:01,C*08:02,DRB1*07:01,DRB1*03:01,DQA1*02:01,DQA1*05:01,DQB1*02:01,DQB1*02:02,DPA1*01:03,DPA1*01:03,DPB1*02:02,DPB1*04:02
sample4007,A*03:01,A*03:01,B*07:02,B*07:02,C*07:02,C*07:02,DRB1*15:01,DRB1*15:01,DQA1*01:02,DQA1*01:02,DQB1*06:02,DQB1*06:02,DPA1*01:03,DPA1*01:03,DPB1*04:01,DPB1*04:01
sample4032,A*02:01,A*03:01,B*13:02,B*15:01,C*06:02,C*05:01,DRB1*04:01,DRB1*14:54,DQA1*03:01,DQA1*01:04,DQB1*05:03,DQB1*03:02,DPA1*01:03,DPA1*01:03,DPB1*02:01,DPB1*04:01
sample4060,A*02:01,A*33:01,B*51:01,B*14:02,C*02:02,C*08:02,DRB1*07:01,DRB1*01:02,DQA1*02:01,DQA1*01:01,DQB1*05:01,DQB1*02:01,DPA1*01:03,DPA1*01:03,DPB1*02:01,DPB1*04:01
sample4069,A*11:01,A*26:01,B*38:01,B*52:01,C*12:02,C*12:03,DRB1*04:02,DRB1*15:02,DQA1*03:01,DQA1*01:03,DQB1*06:01,DQB1*03:02,DPA1*02:01,DPA1*01:03,DPB1*17:01,DPB1*04:01
sample4071,A*03:01,A*03:01,B*40:01,B*07:02,C*03:04,C*07:02,DRB1*04:04,DRB1*15:01,DQA1*03:01,DQA1*01:02,DQB1*06:02,DQB1*03:02,DPA1*01:03,DPA1*01:03,DPB1*02:01,DPB1*04:01
sample4072,A*24:02,A*32:01,B*07:02,B*40:02,C*07:02,C*15:02,DRB1*01:03,DRB1*04:04,DQA1*01:01,DQA1*03:01,DQB1*05:01,DQB1*03:02,DPA1*01:03,DPA1*02:01,DPB1*06:01,DPB1*10:01
sample4077,A*02:01,A*03:01,B*07:02,B*07:02,C*07:02,C*07:02,DRB1*11:14,DRB1*15:01,DQA1*01:02,DQA1*05:01,DQB1*06:02,DQB1*03:01,DPA1*01:03,DPA1*01:03,DPB1*04:01,DPB1*04:01
sample4078,A*23:01,A*30:01,B*44:03,B*07:02,C*04:01,C*07:02,DRB1*11:02,DRB1*07:01,DQA1*02:01,DQA1*05:05,DQB1*03:01,DQB1*02:02,DPA1*02:01,DPA1*01:03,DPB1*02:01,DPB1*10:01
sample4081,A*02:01,A*03:01,B*18:01,B*35:01,C*04:01,C*05:01,DRB1*03:01,DRB1*01:01,DQA1*05:01,DQA1*01:01,DQB1*02:01,DQB1*05:01,DPA1*01:03,DPA1*01:03,DPB1*04:02,DPB1*04:01
sample4090,A*01:01,A*01:01,B*57:01,B*08:01,C*06:02,C*07:01,DRB1*03:01,DRB1*13:01,DQA1*05:01,DQA1*01:03,DQB1*06:03,DQB1*02:01,DPA1*03:02,DPA1*01:03,DPB1*04:02,DPB1*04:01
sample4095,A*02:01,A*03:01,B*44:03,B*14:01,C*16:01,C*08:02,DRB1*07:01,DRB1*07:01,DQA1*02:01,DQA1*02:01,DQB1*02:02,DQB1*02:01,DPA1*02:01,DPA1*01:03,DPB1*11:01,DPB1*04:02
sample4107,A*03:01,A*24:02,B*27:05,B*07:02,C*07:02,C*01:02,DRB1*01:01,DRB1*15:01,DQA1*01:01,DQA1*01:02,DQB1*06:02,DQB1*05:01,,,,
sample4108,A*02:07,A*24:02,B*44:03,B*46:01,C*14:03,C*01:02,DRB1*08:03,DRB1*13:02,DQA1*01:03,DQA1*01:02,DQB1*06:01,DQB1*06:04,DPA1*01:03,DPA1*02:02,DPB1*05:01,DPB1*04:01
sample4110,A*02:01,A*03:01,B*14:02,B*44:02,C*07:04,C*08:02,DRB1*01:02,DRB1*04:02,DQA1*03:01,DQA1*01:01,DQB1*05:01,DQB1*03:02,DPA1*02:01,DPA1*01:03,DPB1*26:01,DPB1*04:01
sample4112,A*03:01,A*25:01,B*18:01,B*44:03,C*12:03,C*04:01,DRB1*07:01,DRB1*11:03,DQA1*02:01,DQA1*05:01,DQB1*03:01,DQB1*02:01,DPA1*02:01,DPA1*01:03,DPB1*02:01,DPB1*11:01
sample4114,A*01:01,A*02:01,B*44:03,B*51:09,C*15:04,C*16:01,DRB1*07:01,DRB1*11:01,DQA1*02:01,DQA1*05:01,DQB1*03:01,DQB1*02:01,DPA1*02:01,DPA1*01:03,DPB1*11:01,DPB1*04:01
sample4115,A*02:11,A*24:02,B*38:02,B*15:01,C*07:02,C*04:01,DRB1*14:03,DRB1*13:01,DQA1*01:03,DQA1*05:01,DQB1*06:03,DQB1*03:01,DPA1*02:01,DPA1*02:02,DPB1*17:01,DPB1*05:01
sample4141,A*02:01,A*23:01,B*44:03,B*08:01,C*07:01,C*04:01,DRB1*07:01,DRB1*07:01,DQA1*02:01,DQA1*02:01,DQB1*02:01,DQB1*02:02,DPA1*02:02,DPA1*01:03,DPB1*02:01,DPB1*01:01
sample4145,A*25:01,A*30:01,B*58:01,B*08:01,C*07:01,C*07:18,DRB1*03:01,DRB1*01:02,DQA1*05:01,DQA1*01:01,DQB1*02:01,DQB1*05:01,DPA1*01:03,DPA1*01:03,DPB1*04:02,DPB1*04:01
sample4151,A*02:08,A*24:03,B*18:01,B*41:02,C*12:03,C*17:01,DRB1*04:03,DRB1*13:03,DQA1*03:01,DQA1*05:01,DQB1*03:01,DQB1*03:04,DPA1*02:01,DPA1*01:03,DPB1*02:01,DPB1*04:01
sample4160,A*01:01,A*11:01,B*08:01,B*35:01,C*07:01,C*04:01,DRB1*03:01,DRB1*15:02,DQA1*05:01,DQA1*01:03,DQB1*02:01,DQB1*06:01,DPA1*01:03,DPA1*01:03,DPB1*04:01,DPB1*04:01
sample4166,A*02:01,A*03:01,B*55:01,B*07:02,C*03:03,C*07:02,DRB1*04:07,DRB1*13:02,DQA1*03:01,DQA1*03:03,DQB1*03:01,DQB1*03:02,DPA1*01:03,DPA1*01:03,DPB1*04:01,DPB1*04:01
sample4171,A*03:01,A*24:02,B*37:01,B*18:01,C*06:02,C*07:01,DRB1*11:04,DRB1*08:01,DQA1*05:05,DQA1*04:02,DQB1*03:01,DQB1*04:02,DPA1*01:03,DPA1*01:03,DPB1*04:02,DPB1*04:01
sample4182,A*01:01,A*03:01,B*08:01,B*07:02,C*07:02,C*07:01,DRB1*04:04,DRB1*15:01,DQA1*03:01,DQA1*01:02,DQB1*06:02,DQB1*03:02,DPA1*01:03,DPA1*01:03,DPB1*04:01,DPB1*04:01
sample4196,A*02:01,A*24:02,B*15:01,B*13:02,C*03:03,C*06:02,DRB1*11:01,DRB1*07:01,DQA1*02:01,DQA1*05:05,DQB1*03:01,DQB1*02:02,DPA1*01:03,DPA1*01:03,DPB1*04:01,DPB1*04:01
sample4200,A*02:01,A*02:01,B*51:01,B*44:23,C*05:01,C*16:02,DRB1*11:02,DRB1*04:08,DQA1*05:01,DQA1*03:01,DQB1*03:04,DQB1*03:01,DPA1*01:03,DPA1*01:03,DPB1*15:01,DPB1*04:02
sample4203,A*03:01,A*30:02,B*44:03,B*35:01,C*16:01,C*04:01,DRB1*15:01,DRB1*01:01,DQA1*01:01,DQA1*01:02,DQB1*06:02,DQB1*05:01,DPA1*01:03,DPA1*01:03,DPB1*04:01,DPB1*04:01
sample4207,A*29:02,A*32:01,B*35:03,B*15:01,C*12:03,C*03:03,DRB1*14:54,DRB1*14:54,DQA1*01:04,DQA1*01:04,DQB1*05:03,DQB1*05:03,,,DPB1*02:01,DPB1*02:01
sample4211,A*02:01,A*01:01,B*13:02,B*51:01,C*06:02,C*15:02,DRB1*04:01,DRB1*07:01,DQA1*02:01,DQA1*03:01,DQB1*02:02,DQB1*03:02,DPA1*01:03,DPA1*01:03,DPB1*04:01,DPB1*04:02
sample4213,A*02:01,A*32:01,B*35:02,B*08:01,C*04:01,C*07:01,DRB1*03:01,DRB1*13:05,DQA1*05:01,DQA1*05:05,DQB1*02:01,DQB1*03:01,DPA1*01:03,DPA1*01:03,DPB1*03:01,DPB1*04:01
sample4214,A*02:01,A*03:01,B*07:02,B*07:02,C*07:02,C*07:02,DRB1*15:01,DRB1*14:54,DQA1*01:02,DQA1*01:04,DQB1*06:02,DQB1*05:03,DPA1*02:01,DPA1*01:03,DPB1*02:01,DPB1*01:01
sample4217,A*31:01,A*33:03,B*49:01,B*51:01,C*07:01,C*15:02,DRB1*04:04,DRB1*01:01,DQA1*03:01,DQA1*01:02,DQB1*05:04,DQB1*03:02,DPA1*01:03,DPA1*01:03,DPB1*03:01,DPB1*04:01
sample4220,A*03:01,A*11:01,B*35:01,B*07:02,C*04:01,C*07:02,DRB1*15:01,DRB1*01:01,DQA1*01:02,DQA1*01:01,DQB1*06:02,DQB1*05:01,DPA1*02:01,DPA1*01:03,DPB1*04:01,DPB1*01:01
sample4223,A*02:01,A*02:01,B*51:01,B*44:02,C*14:02,C*05:01,DRB1*12:01,DRB1*14:54,DQA1*05:05,DQA1*01:04,DQB1*05:03,DQB1*03:01,DPA1*01:03,DPA1*01:03,DPB1*02:01,DPB1*04:01
sample4230,A*30:01,A*31:01,B*13:02,B*27:05,C*02:02,C*06:02,DRB1*04:01,DRB1*07:01,DQA1*02:01,DQA1*03:01,DQB1*03:02,DQB1*02:01,DPA1*02:01,DPA1*01:03,DPB1*17:01,DPB1*04:02
sample4231,A*03:01,A*68:01,B*40:01,B*44:02,C*03:04,C*07:04,DRB1*15:01,DRB1*04:04,DQA1*03:01,DQA1*01:02,DQB1*06:02,DQB1*03:02,DPA1*01:03,DPA1*01:03,DPB1*04:01,DPB1*04:01
sample4232,A*02:01,A*02:01,B*44:02,B*07:02,C*05:01,C*05:01,DRB1*03:01,DRB1*15:01,DQA1*05:01,DQA1*01:02,DQB1*02:01,DQB1*06:02,DPA1*01:03,DPA1*01:03,DPB1*04:01,DPB1*04:01
sample4235,A*11:01,A*23:01,B*35:03,B*49:01,C*07:01,C*04:01,DRB1*11:04,DRB1*01:01,DQA1*01:01,DQA1*05:01,DQB1*03:01,DQB1*05:01,DPA1*02:01,DPA1*01:03,DPB1*09:01,DPB1*04:01
sample4236,A*01:01,A*01:01,B*57:01,B*44:03,C*16:01,C*06:02,DRB1*07:01,DRB1*07:01,DQA1*02:01,DQA1*02:01,DQB1*03:03,DQB1*02:02,DPA1*02:01,DPA1*02:01,DPB1*11:01,DPB1*13:01
sample4238,A*02:01,A*24:02,B*35:02,B*35:01,C*04:01,C*04:01,DRB1*07:01,DRB1*14:01,DQA1*02:01,DQA1*01:01,DQB1*05:03,DQB1*02:01,DPA1*01:03,DPA1*01:03,DPB1*06:01,DPB1*04:01
sample4239,A*11:01,A*33:01,B*13:02,B*14:02,C*06:02,C*08:02,DRB1*01:02,DRB1*07:01,DQA1*02:01,DQA1*01:01,DQB1*05:01,DQB1*02:01,DPA1*02:01,DPA1*01:03,DPB1*17:01,DPB1*04:01
sample4241,A*02:01,A*30:02,B*35:03,B*58:01,C*03:02,C*04:01,DRB1*07:01,DRB1*12:01,DQA1*02:01,DQA1*05:01,DQB1*03:01,DQB1*02:01,DPA1*02:01,DPA1*01:03,DPB1*03:01,DPB1*04:01
sample4242,A*11:01,A*11:01,B*15:01,B*08:01,C*07:01,C*03:03,DRB1*11:03,DRB1*03:01,DQA1*05:01,DQA1*05:01,DQB1*02:01,DQB1*03:01,DPA1*01:03,DPA1*01:03,DPB1*23:01,DPB1*04:01
sample4245,A*01:01,A*02:01,B*08:01,B*15:01,C*03:04,C*07:01,DRB1*04:01,DRB1*13:01,DQA1*03:01,DQA1*01:03,DQB1*06:03,DQB1*03:02,DPA1*02:01,DPA1*01:03,DPB1*11:01,DPB1*04:01
sample4246,A*02:01,A*24:07,B*40:01,B*18:01,C*03:04,C*07:04,DRB1*04:06,DRB1*15:02,DQA1*03:01,DQA1*01:01,DQB1*05:01,DQB1*03:02,DPA1*02:01,DPA1*02:02,DPB1*13:01,DPB1*05:01
sample4247,A*02:01,A*29:02,B*44:03,B*44:04,C*16:01,C*16:01,DRB1*07:01,DRB1*11:01,DQA1*02:01,DQA1*05:05,DQB1*03:01,DQB1*02:02,DPA1*02:01,DPA1*01:03,DPB1*13:01,DPB1*04:01
sample4251,A*01:01,A*03:01,B*08:01,B*35:01,C*07:01,C*04:01,DRB1*07:01,DRB1*07:01,DQA1*02:01,DQA1*02:01,DQB1*03:03,DQB1*02:01,DPA1*01:03,DPA1*01:03,DPB1*04:01,DPB1*04:01
sample4252,A*01:01,A*23:01,B*35:03,B*44:02,C*05:01,C*04:01,DRB1*04:01,DRB1*13:03,DQA1*05:01,DQA1*03:01,DQB1*03:01,DQB1*03:02,DPA1*01:03,DPA1*01:03,DPB1*04:01,DPB1*36:401
sample4255,A*02:01,A*03:01,B*35:03,B*15:01,C*04:01,C*03:03,DRB1*15:01,DRB1*04:01,DQA1*01:02,DQA1*03:01,DQB1*06:02,DQB1*03:02,DPA1*01:03,DPA1*01:03,DPB1*04:01,DPB1*04:01
sample4257,A*03:01,A*11:01,B*40:01,B*35:01,C*03:04,C*04:01,DRB1*11:01,DRB1*04:04,DQA1*03:01,DQA1*05:05,DQB1*03:02,DQB1*03:01,DPA1*01:03,DPA1*01:03,DPB1*06:01,DPB1*03:01
sample4259,A*02:01,A*32:01,B*35:02,B*44:02,C*16:02,C*05:01,DRB1*04:04,DRB1*04:01,DQA1*03:01,DQA1*03:03,DQB1*03:01,DQB1*03:02,DPA1*01:03,DPA1*01:03,DPB1*04:01,DPB1*04:01
sample4262,A*01:01,A*69:01,B*57:01,B*15:17,C*06:02,C*07:01,DRB1*11:24,DRB1*03:01,DQA1*05:01,DQA1*05:05,DQB1*02:01,DQB1*03:01,DPA1*01:03,DPA1*01:03,DPB1*02:01,DPB1*04:01
sample4263,A*01:01,A*01:01,B*08:01,B*08:01,C*07:01,C*07:01,DRB1*03:01,DRB1*03:01,DQA1*05:01,DQA1*05:01,DQB1*02:01,DQB1*02:01,DPA1*02:01,DPA1*01:03,DPB1*04:01,DPB1*01:01
sample4264,A*31:01,A*33:03,B*44:03,B*18:01,C*07:01,C*07:06,DRB1*04:03,DRB1*07:01,DQA1*02:01,DQA1*03:01,DQB1*03:02,DQB1*02:02,DPA1*02:01,DPA1*01:03,DPB1*13:01,DPB1*04:01
sample4265,A*01:01,A*02:01,B*44:05,B*51:07,C*02:02,C*14:02,DRB1*11:01,DRB1*16:01,DQA1*01:02,DQA1*05:05,DQB1*05:02,DQB1*03:01,DPA1*02:01,DPA1*01:03,DPB1*14:01,DPB1*35:501
sample4266,A*68:01,A*68:02,B*40:01,B*15:10,C*03:04,C*03:04,DRB1*03:01,DRB1*03:01,DQA1*05:01,DQA1*05:01,DQB1*02:01,DQB1*02:01,DPA1*01:03,DPA1*01:08,DPB1*15:01,DPB1*04:02
sample4268,A*11:01,A*32:01,B*41:01,B*18:01,C*17:01,C*07:01,DRB1*12:01,DRB1*11:01,DQA1*05:05,DQA1*05:01,DQB1*03:01,DQB1*03:01,DPA1*01:03,DPA1*01:03,DPB1*04:01,DPB1*04:01
sample4270,A*03:01,A*24:02,B*07:02,B*40:02,C*02:02,C*07:02,DRB1*11:01,DRB1*15:01,DQA1*01:02,DQA1*05:05,DQB1*06:02,DQB1*03:01,DPA1*01:03,DPA1*01:03,DPB1*03:01,DPB1*04:02
sample4271,A*01:01,A*02:05,B*15:03,B*08:01,C*02:10,C*07:01,DRB1*11:01,DRB1*03:01,DQA1*05:01,DQA1*01:02,DQB1*05:02,DQB1*02:01,DPA1*02:01,DPA1*03:03,DPB1*04:02,DPB1*01:01
sample4272,A*01:01,A*01:01,B*37:01,B*51:01,C*06:02,C*15:02,DRB1*10:01,DRB1*04:04,DQA1*03:01,DQA1*01:05,DQB1*05:01,DQB1*03:02,DPA1*01:03,DPA1*01:03,DPB1*02:01,DPB1*04:01
sample4273,A*01:01,A*26:01,B*08:01,B*38:01,C*12:03,C*07:01,DRB1*04:03,DRB1*01:01,DQA1*01:01,DQA1*03:01,DQB1*05:01,DQB1*03:02,DPA1*01:03,DPA1*01:03,DPB1*02:01,DPB1*04:02
sample4274,A*01:01,A*23:01,B*08:01,B*07:02,C*07:02,C*07:01,DRB1*03:01,DRB1*15:03,DQA1*05:01,DQA1*01:02,DQB1*02:01,DQB1*06:02,DPA1*02:01,DPA1*01:03,DPB1*02:01,DPB1*01:01
sample4275,A*01:01,A*24:02,B*07:02,B*07:02,C*07:02,C*07:02,DRB1*04:01,DRB1*01:01,DQA1*01:01,DQA1*03:03,DQB1*03:01,DQB1*05:01,DPA1*01:03,DPA1*01:03,DPB1*04:02,DPB1*04:01
sample4278,A*01:01,A*02:01,B*08:01,B*14:01,C*07:01,C*08:02,DRB1*03:01,DRB1*07:01,DQA1*02:01,DQA1*05:01,DQB1*02:01,DQB1*02:02,DPA1*02:01,DPA1*02:01,DPB1*01:01,DPB1*04:01
sample4283,A*01:01,A*11:01,B*44:03,B*56:01,C*01:02,C*04:01,DRB1*01:01,DRB1*07:01,DQA1*10:01,DQA1*02:01,DQB1*02:02,DQB1*05:01,DPA1*01:03,DPA1*01:03,DPB1*03:01,DPB1*04:02
sample4284,A*01:01,A*01:01,B*37:01,B*08:01,C*06:02,C*07:01,DRB1*03:01,DRB1*15:01,DQA1*05:01,DQA1*01:02,DQB1*06:02,DQB1*02:01,DPA1*01:03,DPA1*01:03,DPB1*02:01,DPB1*04:01
sample4285,A*24:02,A*29:02,B*18:01,B*35:02,C*04:01,C*05:01,DRB1*03:01,DRB1*13:01,DQA1*05:01,DQA1*01:03,DQB1*06:03,DQB1*02:01,DPA1*02:01,DPA1*01:03,DPB1*10:01,DPB1*02:02
sample4289,A*02:01,A*02:01,B*40:01,B*15:01,C*03:04,C*03:04,DRB1*04:01,DRB1*08:01,DQA1*03:01,DQA1*04:01,DQB1*03:02,DQB1*04:02,DPA1*02:01,DPA1*01:03,DPB1*04:02,DPB1*01:01
